alpha,rmse_pred_train_avg,rmse_pred_train_stdev,rmse_pred_test_avg,rmse_pred_test_stdev,rmse_prog_avg,rmse_prog_stdev
0.0001,44.11196446268956,11.976714894402413,39.98975329141625,8.667526313546928,45.69189420487192,17.846520020287922
0.001,44.111948698113856,11.97670771648278,39.98991133035337,8.667574818881985,45.69189420487192,17.846520020287922
0.01,44.11179194029614,11.976636139902592,39.9914889566749,8.668060155059608,45.69189420487192,17.846520020287922
0.1,44.11031077562224,11.975939980912985,40.0069939533585,8.672939096739102,45.69189420487192,17.846520020287922
1.0,44.1022409494803,11.970445333523708,40.13915728612143,8.72234434806194,45.69189420487192,17.846520020287922
10.0,44.17310924626194,11.950871664981953,40.642114363538404,9.036646843124277,45.69189420487192,17.846520020287922
100.0,44.55918009746557,11.929555616886132,40.89936175545052,9.414138433763638,45.69189420487192,17.846520020287922
