alpha,rmse_pred_train_avg,rmse_pred_train_stdev,rmse_pred_test_avg,rmse_pred_test_stdev,rmse_prog_avg,rmse_prog_stdev
0.0001,65.6564669259561,23.96438698429278,65.79460579008204,18.796091919340512,45.69189420487192,17.846520020287922
0.001,65.65640658369722,23.964444240891165,65.7947470839474,18.79606602098568,45.69189420487192,17.846520020287922
0.01,65.6558046994727,23.965015255503868,65.79615899481118,18.795807583236904,45.69189420487192,17.846520020287922
0.1,65.64993577291764,23.970573998353228,65.8101760172534,18.79327706229164,45.69189420487192,17.846520020287922
1.0,65.60313742349787,24.01400762340293,65.94087963390935,18.772700540679864,45.69189420487192,17.846520020287922
10.0,65.46538049935059,24.095099513381374,66.74998152348302,18.75267186959986,45.69189420487192,17.846520020287922
100.0,65.26729343399137,23.89317687059466,68.56793046948934,18.859798698153174,45.69189420487192,17.846520020287922
